taxonID	scientificNameID	localID	scientificName	taxonRank	parentNameUsageID	scientificNameAuthorship	family	subfamily	tribe	subtribe	genus	subgenus	specificEpithet	infraspecificEpithet	verbatimTaxonRank	nomenclaturalStatus	namePublishedIn	taxonomicStatus	acceptedNameUsageID	originalNameUsageID	nameAccordingToID	taxonRemarks	created	modified	references	source	majorGroup	tplID
wfo-0001302010		9905237	"Schoenoxiphium ecklonii var. ecklonii"	variety			Cyperaceae		Cariceae		Schoenoxiphium	Psyllophorae	ecklonii	ecklonii	variety			Unchecked				"Source in seed data: tro More details could be found in <a href=http://www.theplantlist.org/tpl1.1/record/tro-9905237 >The Plant List v.1.1.</a> Originally in <a href=http://www.theplantlist.org/tpl/record/tro-9905237 >The Plant List v.1.0</a>"	2022-04-16	2025-06-17	https://www.cyperaceae.org/aphia.php?p=taxdetails&id=1710866	"The Cyperaceae TEN"	A	tro-9905237
wfo-0001302011		9905253	"Cyperus violifolia"	species		"Rodriguez & Alfonso"	Cyperaceae		Cypereae	Cyperinae	Cyperus		violifolia		species		"Rev Centr. Agricol. 15(1): 88 1989"	Unchecked				"Source in seed data: tro More details could be found in <a href=http://www.theplantlist.org/tpl1.1/record/tro-9905253 >The Plant List v.1.1.</a> Originally in <a href=http://www.theplantlist.org/tpl/record/tro-9905253 >The Plant List v.1.0</a>"	2022-04-16	2025-06-12	https://www.cyperaceae.org/aphia.php?p=taxdetails&id=1682348	"The Cyperaceae TEN"	A	tro-9905253
wfo-0001302012		9905297	"Carex viridula var. viridula"	variety			Cyperaceae		Cariceae		Carex	Vignea	viridula	viridula	variety			Unchecked				"Source in seed data: tro More details could be found in <a href=http://www.theplantlist.org/tpl1.1/record/tro-9905297 >The Plant List v.1.1.</a> Originally in <a href=http://www.theplantlist.org/tpl/record/tro-9905297 >The Plant List v.1.0</a>"	2022-04-16	2023-05-29		"The Cyperaceae TEN"	A	tro-9905297
wfo-0001302013	urn:lsid:ipni.org:names:310980-1	9905332	"Mariscus phleoides"	species		Nees	Cyperaceae		Cypereae	Cyperinae	Mariscus		phleoides		species	Invalid	"Linnaea 9(3): 286 (1834)"	Unchecked				"Source in seed data: tro Updated namePublishedIn from Linnaea 9: 286 1834 to Linnaea 9(3): 286. 1834 , according to IPNI. Information provided by Alan E. on email Jul. 15 2020. More details could be found in <a href=http://www.theplantlist.org/tpl1.1/rec"	2022-04-16	2025-06-12	https://www.cyperaceae.org/aphia.php?p=taxdetails&id=1682477	"The Cyperaceae TEN"	A	tro-9905332
wfo-0001302014	urn:lsid:ipni.org:names:315251-1	9905359	"Tetraria compar"	species		"P.Beauv. ex T.Lestib."	Cyperaceae		Schoeneae	Tricostulariinae	Tetraria		compar		species		"Essai Cypér. 36. 1819 [29 Mar 1819]"	Unchecked				"Source in seed data: tro Updated Author from Lestib. to P.Beauv. ex T.Lestib., according to IPNI. Information provided by Alan E. on email Jul. 15 2020. More details could be found in <a href=http://www.theplantlist.org/tpl1.1/record/tro-9905359 >The Pla"	2022-04-16	2025-06-12	https://www.cyperaceae.org/aphia.php?p=taxdetails&id=1682503	"The Cyperaceae TEN"	A	tro-9905359
wfo-0001302015		9905399	"Fimbristylis schulzii"	species	wfo-4000014776	Boeck.	Cyperaceae		Abildgaardieae		Fimbristylis		schulzii		species	Valid	"Linnaea 38: 391 1874"	Accepted				"Source in seed data: tro More details could be found in <a href=http://www.theplantlist.org/tpl1.1/record/tro-9905399 >The Plant List v.1.1.</a> Originally in <a href=http://www.theplantlist.org/tpl/record/tro-9905399 >The Plant List v.1.0</a>"	2022-04-16	2025-06-12	https://www.cyperaceae.org/aphia.php?p=taxdetails&id=1678301	"The Cyperaceae TEN"	A	tro-9905399
wfo-0001302016	urn:lsid:ipni.org:names:314036-1	9905437	"Scirpus orbicephala"	species		Beetle	Cyperaceae		Scirpeae		Scirpus		orbicephala		species		"Madroño 7: 160. 1944"	Unchecked				"Source in seed data: tro Updated namepublishedIn from Madroño 7: 160 1944 to Madroño 7: 160. 1944 , information provided by Alan E. on email Oct. 12 2020 More details could be found in <a href=http://www.theplantlist.org/tpl1.1/record/tro-9905437 >The "	2022-04-16	2025-06-12	https://www.cyperaceae.org/aphia.php?p=taxdetails&id=1682399	"The Cyperaceae TEN"	A	tro-9905437
wfo-0001302017		9905458	"Trichophorum bracteatum"	species		"V.Krecz. ex Czernov"	Cyperaceae		Trichophoreae		Trichophorum		bracteatum		species			Synonym	wfo-0000591767			"Source in seed data: tro More details could be found in <a href=http://www.theplantlist.org/tpl1.1/record/tro-9905458 >The Plant List v.1.1.</a> Originally in <a href=http://www.theplantlist.org/tpl/record/tro-9905458 >The Plant List v.1.0</a>"	2022-04-16	2024-02-02		"The Cyperaceae TEN"	A	tro-9905458
wfo-0001302018		9905460	"Scirpus uniflorum"	species		T.V.Egorova	Cyperaceae		Scirpeae		Scirpus		uniflorum		species			Unchecked				"Source in seed data: tro More details could be found in <a href=http://www.theplantlist.org/tpl1.1/record/tro-9905460 >The Plant List v.1.1.</a> Originally in <a href=http://www.theplantlist.org/tpl/record/tro-9905460 >The Plant List v.1.0</a>"	2022-04-16	2025-06-12	https://www.cyperaceae.org/aphia.php?p=taxdetails&id=1682404	"The Cyperaceae TEN"	A	tro-9905460
wfo-0001302019		9905464	"Blysmopsis exilis"	species		Ivanina	Cyperaceae		Dulichieae		Blysmopsis		exilis		species			Unchecked				"Source in seed data: tro More details could be found in <a href=http://www.theplantlist.org/tpl1.1/record/tro-9905464 >The Plant List v.1.1.</a> Originally in <a href=http://www.theplantlist.org/tpl/record/tro-9905464 >The Plant List v.1.0</a>"	2022-04-16	2025-06-12	https://www.cyperaceae.org/aphia.php?p=taxdetails&id=1682319	"The Cyperaceae TEN"	A	tro-9905464
wfo-0001302020		9905490	"Carex altaica"	species		Gorodkov	Cyperaceae		Cariceae		Carex	Carex	altaica		species	Valid	"Žurn. Russk. Bot. Obač. Akad. Nauk 15: 183 1930"	Synonym	wfo-0000349565			"Source in seed data: tro Nomenclatural status in seed:  More details could be found in <a href=http://www.theplantlist.org/tpl1.1/record/tro-9905490 >The Plant List v.1.1.</a> Originally in <a href=http://www.theplantlist.org/tpl/record/tro-9905490 >The "	2022-04-16	2025-06-13	https://www.cyperaceae.org/aphia.php?p=taxdetails&id=1682945	"The Cyperaceae TEN"	A	tro-9905490
wfo-0001302021		9905502	"Carex arcatica f. taldycola"	form		"Ovcz. & Czukav."	Cyperaceae		Cariceae		Carex	Carex	arcatica	taldycola	form			Synonym	wfo-0000349565			"Source in seed data: tro More details could be found in <a href=http://www.theplantlist.org/tpl1.1/record/tro-9905502 >The Plant List v.1.1.</a> Originally in <a href=http://www.theplantlist.org/tpl/record/tro-9905502 >The Plant List v.1.0</a>"	2022-04-16	2025-06-12	https://www.cyperaceae.org/aphia.php?p=taxdetails&id=1711932	"The Cyperaceae TEN"	A	tro-9905502
wfo-0001302022	urn:lsid:ipni.org:names:301711-1	9905507	"Carex × prolixa"	species	wfo-1000081875	Fr.	Cyperaceae		Cariceae		Carex	Carex	prolixa		species	Valid	"Novit. Fl. Suec. Mant. 3: 150 (1843)"	Accepted				"Source in seed data: tro Update namepublishedIn from Novit. Fl. Suec. Mant. 3(10): 150. 1845 ; ref. checked, volume corrected to Novit. Fl. Suec. Mant. 3: 150 (1843), information provided by Alan E. on email Jun. 07 2021 More details could be found in <a"	2022-04-16	2025-12-15	https://www.cyperaceae.org/aphia.php?p=taxdetails&id=1678287	"The Cyperaceae TEN"	A	tro-9905507
wfo-0001302023		9905526	"Carex bigelowii subsp. ensifolia"	subspecies		Holub	Cyperaceae		Cariceae		Carex	Carex	bigelowii	ensifolia	subspecies			Synonym	wfo-0001301751			"Source in seed data: tro More details could be found in <a href=http://www.theplantlist.org/tpl1.1/record/tro-9905526 >The Plant List v.1.1.</a> Originally in <a href=http://www.theplantlist.org/tpl/record/tro-9905526 >The Plant List v.1.0</a>"	2022-04-16	2025-06-12	https://www.cyperaceae.org/aphia.php?p=taxdetails&id=1704206	"The Cyperaceae TEN"	A	tro-9905526
wfo-0001302024		9905527	"Carex bigelowii subsp. hyperborea"	subspecies		Bocher	Cyperaceae		Cariceae		Carex	Carex	bigelowii	hyperborea	subspecies			Synonym	wfo-0000344910			"Source in seed data: tro More details could be found in <a href=http://www.theplantlist.org/tpl1.1/record/tro-9905527 >The Plant List v.1.1.</a> Originally in <a href=http://www.theplantlist.org/tpl/record/tro-9905527 >The Plant List v.1.0</a>"	2022-04-16	2025-06-12	https://www.cyperaceae.org/aphia.php?p=taxdetails&id=1704194	"The Cyperaceae TEN"	A	tro-9905527
wfo-0001302025	urn:lsid:ipni.org:names:879497-1	9905549	"Carex capitata subsp. arctogena"	subspecies		"(Harry Sm.) Böcher ex Á.Löve, D.Löve & B.M.Kapoor"	Cyperaceae		Cariceae		Carex		capitata	arctogena	subspecies		"Arctic Alpine Res. 3(2): 144. 1971"	Synonym	wfo-0000345323	wfo-0000344540		"Source in seed data: tro Updated namepublishedIn from Arctic Antarctic Alpine Res. 3(2): 144 1971 to Arctic Alpine Res. 3(2): 144. 1971 , information provided by Alan E. on email Oct. 12 2020 More details could be found in <a href=http://www.theplantlist"	2022-04-16	2025-06-12	https://www.cyperaceae.org/aphia.php?p=taxdetails&id=1704199	"The Cyperaceae TEN"	A	tro-9905549
wfo-0001302026	urn:lsid:ipni.org:names:309669-1	9905559	"Kobresia bucharica"	species		"(Kük.) N.A.Ivanova"	Cyperaceae		Cariceae		Kobresia		bucharica		species	Valid	"Bot. Zhurn. S.S.S.R. 24: 491 (1939)"	Synonym	wfo-0000345171	wfo-0000345171		"Source in seed data: tro Update namepublishedIn from to Bot. Zhurn. S.S.S.R. 24: 491 (1939), information provided by Alan E. on email Jun. 07 2021 More details could be found in <a href=http://www.theplantlist.org/tpl1.1/record/tro-9905559 >The Plant Lis"	2022-04-16	2025-12-15	https://www.cyperaceae.org/aphia.php?p=taxdetails&id=1683025	"The Cyperaceae TEN"	A	tro-9905559
wfo-0001302027		9905560	"Carex caespitosa var. inumbrata"	variety		K.Eichw.	Cyperaceae		Cariceae		Carex	Carex	caespitosa	inumbrata	variety			Synonym	wfo-0000345434			"Source in seed data: tro More details could be found in <a href=http://www.theplantlist.org/tpl1.1/record/tro-9905560 >The Plant List v.1.1.</a> Originally in <a href=http://www.theplantlist.org/tpl/record/tro-9905560 >The Plant List v.1.0</a>"	2022-04-16	2022-04-20		"The Cyperaceae TEN"	A	tro-9905560
wfo-0001302028		9905561	"Carex caespitosa f. retorta"	form		Sylven	Cyperaceae		Cariceae		Carex	Carex	caespitosa	retorta	form			Synonym	wfo-0000345434			"Source in seed data: tro More details could be found in <a href=http://www.theplantlist.org/tpl1.1/record/tro-9905561 >The Plant List v.1.1.</a> Originally in <a href=http://www.theplantlist.org/tpl/record/tro-9905561 >The Plant List v.1.0</a>"	2022-04-16	2025-06-12	https://www.cyperaceae.org/aphia.php?p=taxdetails&id=1714076	"The Cyperaceae TEN"	A	tro-9905561
wfo-0001302029		9905585	"Carex cyperoides"	species		Murray	Cyperaceae		Cariceae		Carex	Vignea	cyperoides		species		"Syst. Veg. (ed. 13) 703 1774"	Synonym	wfo-0000344977			"Source in seed data: tro More details could be found in <a href=http://www.theplantlist.org/tpl1.1/record/tro-9905585 >The Plant List v.1.1.</a> Originally in <a href=http://www.theplantlist.org/tpl/record/tro-9905585 >The Plant List v.1.0</a>"	2022-04-16	2025-06-12	https://www.cyperaceae.org/aphia.php?p=taxdetails&id=1696049	"The Cyperaceae TEN"	A	tro-9905585
wfo-0001302030	urn:lsid:ipni.org:names:879503-1	9905590	"Carex depressa subsp. transsilvanica"	subspecies		"(Schur) T.V.Egorova"	Cyperaceae		Cariceae		Carex		depressa	transsilvanica	subspecies		"Novosti Sist. Vyssh. Rast. 9: 80. 1972"	Synonym	wfo-0000345978	wfo-0000352065		"Source in seed data: tro Updated namePublishedIn from Novosti Sist. Vyssh. Rast. 9: 80 1972 to Novosti Sist. Vyssh. Rast. 9: 80. 1972 , according to IPNI. Information provided by Alan E. on email Jul. 15 2020. More details could be found in <a href=http:"	2022-04-16	2025-06-12	https://www.cyperaceae.org/aphia.php?p=taxdetails&id=1704201	"The Cyperaceae TEN"	A	tro-9905590
wfo-0001302031	urn:lsid:ipni.org:names:77099091-1	9905591	"Carex × descendens"	species	wfo-4000006709	Kük.	Cyperaceae		Cariceae		Carex		descendens		species	Valid	"Öfvers. Finska Vetensk.-Soc. Förh. 45(8): 6 (1903)"	Accepted				"Source in seed data: tro Update namepublishedIn from Öfvers. Finska Vetensk.-Soc. Förh. 45(8): 6 (-7). 1903 to Öfvers. Finska Vetensk.-Soc. Förh. 45(8): 6 (1903), information provided by Alan E. on email Jun. 07 2021 More details could be found in <a"	2022-04-16	2025-12-15	https://www.cyperaceae.org/aphia.php?p=taxdetails&id=1676820	"The Cyperaceae TEN"	A	tro-9905591
wfo-0001302032		9905602	"Carex divisa var. coarcta"	variety		T.Koyama	Cyperaceae		Cariceae		Carex	Vignea	divisa	coarcta	variety			Synonym	wfo-0000346179			"Source in seed data: tro More details could be found in <a href=http://www.theplantlist.org/tpl1.1/record/tro-9905602 >The Plant List v.1.1.</a> Originally in <a href=http://www.theplantlist.org/tpl/record/tro-9905602 >The Plant List v.1.0</a>"	2022-04-16	2025-06-12	https://www.cyperaceae.org/aphia.php?p=taxdetails&id=1710523	"The Cyperaceae TEN"	A	tro-9905602
wfo-0001302033		9905604	"Carex dominii"	species		"Levl. & Vaniot"	Cyperaceae		Cariceae		Carex	Vignea	dominii		species			Synonym	wfo-0000346108			"Source in seed data: tro More details could be found in <a href=http://www.theplantlist.org/tpl1.1/record/tro-9905604 >The Plant List v.1.1.</a> Originally in <a href=http://www.theplantlist.org/tpl/record/tro-9905604 >The Plant List v.1.0</a>"	2022-04-16	2025-06-12	https://www.cyperaceae.org/aphia.php?p=taxdetails&id=1696065	"The Cyperaceae TEN"	A	tro-9905604
wfo-0001302035	urn:lsid:ipni.org:names:77257934-1	9905621	"Carex filipes subsp. oligostachys"	subspecies		"(Kük.) T.Koyama"	Cyperaceae		Cariceae		Carex	Carex	filipes	oligostachys	subspecies	Valid	"J. Jap. Bot. 29: 42 (1954)"	Synonym	wfo-0000346622	wfo-0000349524		"Source in seed data: tro More details could be found in <a href=http://www.theplantlist.org/tpl1.1/record/tro-9905621 >The Plant List v.1.1.</a> Originally in <a href=http://www.theplantlist.org/tpl/record/tro-9905621 >The Plant List v.1.0</a>"	2022-04-16	2025-12-15	https://www.cyperaceae.org/aphia.php?p=taxdetails&id=1703797	"The Cyperaceae TEN"	A	tro-9905621
wfo-0001302036		9905622	"Carex flacca subsp. cuspidata"	subspecies		"(Host) Vicioso"	Cyperaceae		Cariceae		Carex		flacca	cuspidata	subspecies		"Est. Monogr. gen. Carex ex Esp. 100 1959"	Synonym	wfo-0000346652	wfo-0000345856		"Source in seed data: tro More details could be found in <a href=http://www.theplantlist.org/tpl1.1/record/tro-9905622 >The Plant List v.1.1.</a> Originally in <a href=http://www.theplantlist.org/tpl/record/tro-9905622 >The Plant List v.1.0</a>"	2022-04-16	2025-06-12	https://www.cyperaceae.org/aphia.php?p=taxdetails&id=1704210	"The Cyperaceae TEN"	A	tro-9905622
wfo-0001302037		9905628	"Carex fujidae"	species		Kudô	Cyperaceae		Cariceae		Carex	Carex	fujidae		species			Synonym	wfo-0000348415			"Source in seed data: tro More details could be found in <a href=http://www.theplantlist.org/tpl1.1/record/tro-9905628 >The Plant List v.1.1.</a> Originally in <a href=http://www.theplantlist.org/tpl/record/tro-9905628 >The Plant List v.1.0</a>"	2022-04-16	2025-06-12	https://www.cyperaceae.org/aphia.php?p=taxdetails&id=1682921	"The Cyperaceae TEN"	A	tro-9905628
wfo-0001302038		9905636	"Carex glauca subsp. serrulata"	subspecies		"(Biv. ex Spreng.) Arcang."	Cyperaceae		Cariceae		Carex		glauca	serrulata	subspecies		"Comp. Fl. Ital. 2: 92 1894"	Synonym	wfo-0000346652	wfo-0001035832		"Source in seed data: tro More details could be found in <a href=http://www.theplantlist.org/tpl1.1/record/tro-9905636 >The Plant List v.1.1.</a> Originally in <a href=http://www.theplantlist.org/tpl/record/tro-9905636 >The Plant List v.1.0</a>"	2022-04-16	2025-06-12	https://www.cyperaceae.org/aphia.php?p=taxdetails&id=1704211	"The Cyperaceae TEN"	A	tro-9905636
wfo-0001302039	urn:lsid:ipni.org:names:299987-1	9905642	"Carex graciliformis"	species		V.I.Krecz.	Cyperaceae		Cariceae		Carex	Carex	graciliformis		species	Valid	"Fl. Centr. Russ., ed. 6: 197 (1933)"	Synonym	wfo-0000344146			"Source in seed data: tro Update namepublishedIn from to Fl. Centr. Russ. , ed. 6: 197 (1933), information provided by Alan E. on email Jun. 07 2021 More details could be found in <a href=http://www.theplantlist.org/tpl1.1/record/tro-9905642 >The Plant Li"	2022-04-16	2025-12-15	https://www.cyperaceae.org/aphia.php?p=taxdetails&id=1696034	"The Cyperaceae TEN"	A	tro-9905642
wfo-0001302040	urn:lsid:ipni.org:names:300004-1	9905643	"Carex × grahamii"	species	wfo-4000006709	Boott	Cyperaceae		Cariceae		Carex		grahamii		species	Valid	"Proc. Linn. Soc. London 1: 180 (1844)"	Accepted				"Source in seed data: tro Update namepublishedIn from Proc. Linn. Soc. London 1(19): 180; et Trans. Linn. Soc. xix. (1845) 215. 1844 [Feb 1844] to Proc. Linn. Soc. London 1: 180 (1844), information provided by Alan E. on email Jun. 07 2021 More details co"	2022-04-16	2025-12-15	https://www.cyperaceae.org/aphia.php?p=taxdetails&id=1677825	"The Cyperaceae TEN"	A	tro-9905643
wfo-0001302041		9905679	"Carex karoi var. selengensis"	variety		Serg.	Cyperaceae		Cariceae		Carex	Carex	karoi	selengensis	variety			Synonym	wfo-0000347900			"Source in seed data: tro More details could be found in <a href=http://www.theplantlist.org/tpl1.1/record/tro-9905679 >The Plant List v.1.1.</a> Originally in <a href=http://www.theplantlist.org/tpl/record/tro-9905679 >The Plant List v.1.0</a>"	2022-04-16	2025-06-12	https://www.cyperaceae.org/aphia.php?p=taxdetails&id=1710377	"The Cyperaceae TEN"	A	tro-9905679
wfo-0001302042	urn:lsid:ipni.org:names:77157049-1	9905680	"Carex kattegatensis"	species		"(Almq.) Fr. ex Nyman"	Cyperaceae		Cariceae		Carex	Carex	kattegatensis		species	Valid	"Consp. Fl. Eur. Suppl. 2(2): 375 (1890)"	Synonym	wfo-0000352303	wfo-0000350940		"Source in seed data: tro Update namepublishedIn from to Consp. Fl. Eur. Suppl. 2(2): 375 (1890), information provided by Alan E. on email Jun. 07 2021 More details could be found in <a href=http://www.theplantlist.org/tpl1.1/record/tro-9905680 >The Plant"	2022-04-16	2025-12-15	https://www.cyperaceae.org/aphia.php?p=taxdetails&id=1695912	"The Cyperaceae TEN"	A	tro-9905680
wfo-0001302043		9905692	"Carex krascheninnikowii"	species	wfo-4000006709	"Kom. ex V.Krecz."	Cyperaceae		Cariceae		Carex		krascheninnikowii		species	Valid		Accepted				"Source in seed data: tro More details could be found in <a href=http://www.theplantlist.org/tpl1.1/record/tro-9905692 >The Plant List v.1.1.</a> Originally in <a href=http://www.theplantlist.org/tpl/record/tro-9905692 >The Plant List v.1.0</a>"	2022-04-16	2025-06-12	https://www.cyperaceae.org/aphia.php?p=taxdetails&id=1678269	"The Cyperaceae TEN"	A	tro-9905692
wfo-0001302045	urn:lsid:ipni.org:names:300598-1	9905700	"Carex leerseana"	species		Rouy	Cyperaceae		Cariceae		Carex	Vignea	leerseana		species		"Fl. France [Rouy & Foucaud] 13: 413. 1912 [May 1912]"	Synonym	wfo-0000348209			"Source in seed data: tro Updated scientificName from Carex leersiana to Carex leerseana, according to IPNI. Information provided by Alan E. on email Jul. 15 2020. More details could be found in <a href=http://www.theplantlist.org/tpl1.1/record/tro-990570"	2022-04-16	2025-06-12	https://www.cyperaceae.org/aphia.php?p=taxdetails&id=1682929	"The Cyperaceae TEN"	A	tro-9905700
wfo-0001302046		9905709	"Carex litwinowii"	species		Kük.	Cyperaceae		Cariceae		Carex	Vignea	litwinowii		species			Unchecked				"Source in seed data: tro More details could be found in <a href=http://www.theplantlist.org/tpl1.1/record/tro-9905709 >The Plant List v.1.1.</a> Originally in <a href=http://www.theplantlist.org/tpl/record/tro-9905709 >The Plant List v.1.0</a>"	2022-04-16	2025-06-12	https://www.cyperaceae.org/aphia.php?p=taxdetails&id=1682930	"The Cyperaceae TEN"	A	tro-9905709
wfo-0001302047	urn:lsid:ipni.org:names:300776-1	9905711	"Carex lumnitzeri"	species		Rouy	Cyperaceae		Cariceae		Carex	Vignea	lumnitzeri		species		"Fl. France [Rouy & Foucaud] 13: 412. 1912 [May 1912]"	Synonym	wfo-0000351443			"Source in seed data: tro Updated namePublishedIn from to Fl. France [Rouy & Foucaud] 13: 412. 1912 [May 1912] , according to IPNI. Information provided by Alan E. on email Jul. 15 2020. More details could be found in <a href=http://www.theplantlist.org/t"	2022-04-16	2025-06-12	https://www.cyperaceae.org/aphia.php?p=taxdetails&id=1696132	"The Cyperaceae TEN"	A	tro-9905711
wfo-0001302048		9905743	"Carex musartiana"	species		"Kük. ex V.I.Krecz."	Cyperaceae		Cariceae		Carex	Carex	musartiana		species	Valid	"Fl. URSS 3: 602 (1935)"	Synonym	wfo-0000350145			"Source in seed data: tro Nomenclatural status in seed:  More details could be found in <a href=http://www.theplantlist.org/tpl1.1/record/tro-9905743 >The Plant List v.1.1.</a> Originally in <a href=http://www.theplantlist.org/tpl/record/tro-9905743 >The "	2022-04-16	2025-06-12	https://www.cyperaceae.org/aphia.php?p=taxdetails&id=1695343	"The Cyperaceae TEN"	A	tro-9905743
wfo-0001302049		9905749	"Carex nigra subsp. juncella"	subspecies		"Á.Löve & D.Löve"	Cyperaceae		Cariceae		Carex		nigra	juncella	subspecies			Synonym	wfo-0001301753			"Source in seed data: tro More details could be found in <a href=http://www.theplantlist.org/tpl1.1/record/tro-9905749 >The Plant List v.1.1.</a> Originally in <a href=http://www.theplantlist.org/tpl/record/tro-9905749 >The Plant List v.1.0</a>"	2022-04-16	2025-06-12	https://www.cyperaceae.org/aphia.php?p=taxdetails&id=1704215	"The Cyperaceae TEN"	A	tro-9905749
wfo-0001302050		9905752	"Carex nigrita"	species		"Fisch. ex Worosch."	Cyperaceae		Cariceae		Carex	Carex	nigrita		species			Synonym	wfo-0000350139			"Source in seed data: tro More details could be found in <a href=http://www.theplantlist.org/tpl1.1/record/tro-9905752 >The Plant List v.1.1.</a> Originally in <a href=http://www.theplantlist.org/tpl/record/tro-9905752 >The Plant List v.1.0</a>"	2022-04-16	2025-06-12	https://www.cyperaceae.org/aphia.php?p=taxdetails&id=1696111	"The Cyperaceae TEN"	A	tro-9905752
wfo-0001302052		9905775	"Carex pairae subsp. lumnitzeri"	subspecies		Soó	Cyperaceae		Cariceae		Carex	Vignea	pairae	lumnitzeri	subspecies			Synonym	wfo-0000351443			"Source in seed data: tro More details could be found in <a href=http://www.theplantlist.org/tpl1.1/record/tro-9905775 >The Plant List v.1.1.</a> Originally in <a href=http://www.theplantlist.org/tpl/record/tro-9905775 >The Plant List v.1.0</a>"	2022-04-16	2022-04-20		"The Cyperaceae TEN"	A	tro-9905775
wfo-0001302053		9905785	"Carex pediformis subsp. rhizodes"	subspecies		Lindb.fil.	Cyperaceae		Cariceae		Carex	Carex	pediformis	rhizodes	subspecies			Synonym	wfo-0000349868			"Source in seed data: tro More details could be found in <a href=http://www.theplantlist.org/tpl1.1/record/tro-9905785 >The Plant List v.1.1.</a> Originally in <a href=http://www.theplantlist.org/tpl/record/tro-9905785 >The Plant List v.1.0</a>"	2022-04-16	2025-06-12	https://www.cyperaceae.org/aphia.php?p=taxdetails&id=1704224	"The Cyperaceae TEN"	A	tro-9905785
wfo-0001302054		9905796	"Carex platyrhyncha"	species		"French. & Savat."	Cyperaceae		Cariceae		Carex		platyrhyncha		species			Synonym	wfo-0000350444			"Source in seed data: tro Nomenclatural status in seed:  More details could be found in <a href=http://www.theplantlist.org/tpl1.1/record/tro-9905796 >The Plant List v.1.1.</a> Originally in <a href=http://www.theplantlist.org/tpl/record/tro-9905796 >The "	2022-04-16	2025-06-12	https://www.cyperaceae.org/aphia.php?p=taxdetails&id=1696120	"The Cyperaceae TEN"	A	tro-9905796
wfo-0001302055	urn:lsid:ipni.org:names:77257458-1	9905799	"Carex polygama subsp. mutica"	subspecies		"(Hartm.) A.Cajander"	Cyperaceae		Cariceae		Carex	Carex	polygama	mutica	subspecies	Valid	"Luonnon Ystävä 38: 182 (1934)"	Synonym	wfo-0000344215	wfo-0000345207		"Source in seed data: tro More details could be found in <a href=http://www.theplantlist.org/tpl1.1/record/tro-9905799 >The Plant List v.1.1.</a> Originally in <a href=http://www.theplantlist.org/tpl/record/tro-9905799 >The Plant List v.1.0</a>"	2022-04-16	2025-12-15	https://www.cyperaceae.org/aphia.php?p=taxdetails&id=1703621	"The Cyperaceae TEN"	A	tro-9905799
wfo-0001302056	urn:lsid:ipni.org:names:301828-1	9905816	"Carex putjatini"	species		Komarov	Cyperaceae		Cariceae		Carex		putjatini		species	Valid	"Izv. Imp. Bot. Sada Petra Velikago 16: 154 (1916)"	Synonym	wfo-0000350471			"Source in seed data: tro Updated scientificnameAuthorship from Kom. to Komarov, information provided by Alan E. on email Oct. 12 2020 More details could be found in <a href=http://www.theplantlist.org/tpl1.1/record/tro-9905816 >The Plant List v.1.1.</a> "	2022-04-16	2025-12-15	https://www.cyperaceae.org/aphia.php?p=taxdetails&id=1678092	"The Cyperaceae TEN"	A	tro-9905816
wfo-0001302057	urn:lsid:ipni.org:names:1191789-2	9905818	"Carex pyrenaica var. micropoda"	variety		"(C.A.Mey.) B.Boivin"	Cyperaceae		Cariceae		Carex		pyrenaica	micropoda	variety			Synonym	wfo-0000348858			"Source in seed data: tro Updated scientificnameAuthorship from B.Boivin to (C.A.Mey.) B.Boivin, information provided by Alan E. on email Oct. 12 2020 More details could be found in <a href=http://www.theplantlist.org/tpl1.1/record/tro-9905818 >The Plant "	2022-04-16	2025-06-12	https://www.cyperaceae.org/aphia.php?p=taxdetails&id=1710400	"The Cyperaceae TEN"	A	tro-9905818
wfo-0001302058	urn:lsid:ipni.org:names:77177095-1	9905840	"Carex rigidioides"	species	wfo-1000081875	"(Gorodkov) V.I.Krecz."	Cyperaceae		Cariceae		Carex	Carex	rigidioides		species	Valid	"Fl. URSS 3: 228 (1935)"	Accepted		wfo-0000350729		"Source in seed data: tro Update namepublishedIn from to Fl. URSS 3: 228 (1935), information provided by Alan E. on email Jun. 07 2021 More details could be found in <a href=http://www.theplantlist.org/tpl1.1/record/tro-9905840 >The Plant List v.1.1.</a> "	2022-04-16	2025-12-15	https://www.cyperaceae.org/aphia.php?p=taxdetails&id=1678276	"The Cyperaceae TEN"	A	tro-9905840
wfo-0001302060	urn:lsid:ipni.org:names:302368-1	9905877	"Carex squamigera"	species		"V.I.Krecz. & Luczn."	Cyperaceae		Cariceae		Carex		squamigera		species	Valid	"Trudy Dal'nevost. Fil. Akad. Nauk S.S.S.R., Ser. Bot. 2: 890 (1937)"	Synonym	wfo-0000351484			"Source in seed data: tro Updated scientificnameAuthorship from V.I.Krecz. & Luchnik to V.I.Krecz. & Luczn., information provided by Alan E. on email Oct. 12 2020 More details could be found in <a href=http://www.theplantlist.org/tpl1.1/record/tro-9905877"	2022-04-16	2025-12-15	https://www.cyperaceae.org/aphia.php?p=taxdetails&id=1676058	"The Cyperaceae TEN"	A	tro-9905877
wfo-0001302061		9905879	"Carex stenophylla subsp. stenophylloides"	subspecies		"(V.I.Krecz.) S.Yun Liang & Y.C.Tang"	Cyperaceae		Cariceae		Carex		stenophylla	stenophylloides	subspecies		"Acta Phytotax. Sin. 28(2): 153 1990"	Synonym	wfo-0000351545	wfo-0000351546		"Source in seed data: tro More details could be found in <a href=http://www.theplantlist.org/tpl1.1/record/tro-9905879 >The Plant List v.1.1.</a> Originally in <a href=http://www.theplantlist.org/tpl/record/tro-9905879 >The Plant List v.1.0</a>"	2022-04-16	2025-06-12	https://www.cyperaceae.org/aphia.php?p=taxdetails&id=1704237	"The Cyperaceae TEN"	A	tro-9905879
wfo-0001302062	urn:lsid:ipni.org:names:879636-1	9905925	"Carex umbrosa subsp. huetiana"	subspecies		"(Boiss.) T.V.Egorova"	Cyperaceae		Cariceae		Carex		umbrosa	huetiana	subspecies		"Novosti Sist. Vyssh. Rast. 10: 103. 1973"	Synonym	wfo-0000352243			"Source in seed data: tro Updated Author from T.V.Egorova to (Boiss.) T.V.Egorova, according to IPNI. Information provided by Alan E. on email Jul. 15 2020. More details could be found in <a href=http://www.theplantlist.org/tpl1.1/record/tro-9905925 >The "	2022-04-16	2025-06-12	https://www.cyperaceae.org/aphia.php?p=taxdetails&id=1704240	"The Cyperaceae TEN"	A	tro-9905925
wfo-0001302063		9905945	"Carex xyphium"	species		Kom.	Cyperaceae		Cariceae		Carex	Carex	xyphium		species			Synonym	wfo-0000352735			"Source in seed data: tro More details could be found in <a href=http://www.theplantlist.org/tpl1.1/record/tro-9905945 >The Plant List v.1.1.</a> Originally in <a href=http://www.theplantlist.org/tpl/record/tro-9905945 >The Plant List v.1.0</a>"	2022-04-16	2025-06-12	https://www.cyperaceae.org/aphia.php?p=taxdetails&id=1682944	"The Cyperaceae TEN"	A	tro-9905945
wfo-0001302064		9905959	"Cyperus latespicatus var. setiformis"	variety		T.Koyama	Cyperaceae		Cypereae	Cyperinae	Cyperus		latespicatus	setiformis	variety			Unchecked				"Source in seed data: tro More details could be found in <a href=http://www.theplantlist.org/tpl1.1/record/tro-9905959 >The Plant List v.1.1.</a> Originally in <a href=http://www.theplantlist.org/tpl/record/tro-9905959 >The Plant List v.1.0</a>"	2022-04-16	2025-06-12	https://www.cyperaceae.org/aphia.php?p=taxdetails&id=1710818	"The Cyperaceae TEN"	A	tro-9905959
wfo-0001302065		9905961	"Cyperus longus subsp. badius"	subspecies		Urb.	Cyperaceae		Cypereae	Cyperinae	Cyperus		longus	badius	subspecies			Synonym	wfo-0001301918			"Source in seed data: tro More details could be found in <a href=http://www.theplantlist.org/tpl1.1/record/tro-9905961 >The Plant List v.1.1.</a> Originally in <a href=http://www.theplantlist.org/tpl/record/tro-9905961 >The Plant List v.1.0</a>"	2022-04-16	2025-06-12	https://www.cyperaceae.org/aphia.php?p=taxdetails&id=1703566	"The Cyperaceae TEN"	A	tro-9905961
wfo-0001302066	urn:lsid:ipni.org:names:306212-1	9905968	"Cyperus truncatus"	species		"C.A.Mey. ex Turcz."	Cyperaceae		Cypereae	Cyperinae	Cyperus		truncatus		species	Illegitimate	"Fl. Ross. 4: 241 (1852)"	Synonym	wfo-0000918894			"Source in seed data: tro Update namepublishedIn from Bjull. Moskovsk. Obač. Isp. Prir., Otd. Biol. 103 1838 to Fl. Ross. 4: 241 (1852), information provided by Alan E. on email Jun. 07 2021 More details could be found in <a href=http://www.theplantlist."	2022-04-16	2025-12-15	https://www.cyperaceae.org/aphia.php?p=taxdetails&id=1687131	"The Cyperaceae TEN"	A	tro-9905968
wfo-0001302067		9905974	"Eleocharis argyrolepis"	species		"Kierulff ex Bunge"	Cyperaceae		Eleocharideae		Eleocharis		argyrolepis		species		"Mém. Acad. Imp. Sci. St.-Pétersbourg Divers Savans 7: 518 1851"	Unchecked				"Source in seed data: tro More details could be found in <a href=http://www.theplantlist.org/tpl1.1/record/tro-9905974 >The Plant List v.1.1.</a> Originally in <a href=http://www.theplantlist.org/tpl/record/tro-9905974 >The Plant List v.1.0</a>"	2022-04-16	2025-06-12	https://www.cyperaceae.org/aphia.php?p=taxdetails&id=1682443	"The Cyperaceae TEN"	A	tro-9905974
wfo-0001302068		9905986	"Cyperus globularis"	species		Zinserl.	Cyperaceae		Cypereae	Cyperinae	Cyperus		globularis		species			Unchecked				"Source in seed data: tro More details could be found in <a href=http://www.theplantlist.org/tpl1.1/record/tro-9905986 >The Plant List v.1.1.</a> Originally in <a href=http://www.theplantlist.org/tpl/record/tro-9905986 >The Plant List v.1.0</a>"	2022-04-16	2025-06-12	https://www.cyperaceae.org/aphia.php?p=taxdetails&id=1682279	"The Cyperaceae TEN"	A	tro-9905986
wfo-0001302069		9905987	"Cyperus intersita"	species		Zinserl.	Cyperaceae		Cypereae	Cyperinae	Cyperus		intersita		species			Unchecked				"Source in seed data: tro More details could be found in <a href=http://www.theplantlist.org/tpl1.1/record/tro-9905987 >The Plant List v.1.1.</a> Originally in <a href=http://www.theplantlist.org/tpl/record/tro-9905987 >The Plant List v.1.0</a>"	2022-04-16	2025-06-12	https://www.cyperaceae.org/aphia.php?p=taxdetails&id=1682328	"The Cyperaceae TEN"	A	tro-9905987
wfo-0001302070		9905988	"Cyperus kamtschatica"	species		Kom.	Cyperaceae		Cypereae	Cyperinae	Cyperus		kamtschatica		species			Unchecked				"Source in seed data: tro More details could be found in <a href=http://www.theplantlist.org/tpl1.1/record/tro-9905988 >The Plant List v.1.1.</a> Originally in <a href=http://www.theplantlist.org/tpl/record/tro-9905988 >The Plant List v.1.0</a>"	2022-04-16	2025-06-12	https://www.cyperaceae.org/aphia.php?p=taxdetails&id=1682330	"The Cyperaceae TEN"	A	tro-9905988
wfo-0001302071	urn:lsid:ipni.org:names:77189494-1	9905997	"Eleocharis mamillata subsp. austriaca"	subspecies	wfo-0000404955	"(Hayek) Strandh."	Cyperaceae		Eleocharideae		Eleocharis		mamillata	austriaca	subspecies	Valid	"Opera Bot. 9(2): 9 (1965)"	Accepted		wfo-0000402973		"Source in seed data: tro Update namepublishedIn from to Opera Bot. 9(2): 9 (1965), information provided by Alan E. on email Jun. 07 2021 More details could be found in <a href=http://www.theplantlist.org/tpl1.1/record/tro-9905997 >The Plant List v.1.1.</"	2022-04-16	2025-12-15	https://www.cyperaceae.org/aphia.php?p=taxdetails&id=1699747	"The Cyperaceae TEN"	A	tro-9905997
wfo-0001302072		9906010	"Eleocharis palustris var. mamillata"	variety		Nyár.	Cyperaceae		Eleocharideae		Eleocharis		palustris	mamillata	variety			Synonym	wfo-0000404955			"Source in seed data: tro More details could be found in <a href=http://www.theplantlist.org/tpl1.1/record/tro-9906010 >The Plant List v.1.1.</a> Originally in <a href=http://www.theplantlist.org/tpl/record/tro-9906010 >The Plant List v.1.0</a>"	2022-04-16	2022-04-20		"The Cyperaceae TEN"	A	tro-9906010
wfo-0001302073	urn:lsid:ipni.org:names:77257691-1	9906012	"Eleocharis parvula subsp. oppermannii"	subspecies		Zoz	Cyperaceae		Eleocharideae		Eleocharis		parvula	oppermannii	subspecies	Valid	"Trudy Inst. Bot. Kharkivs'k. Derzhavn. Univ. 1: 46 (1936)"	Synonym	wfo-0000405697			"Source in seed data: tro More details could be found in <a href=http://www.theplantlist.org/tpl1.1/record/tro-9906012 >The Plant List v.1.1.</a> Originally in <a href=http://www.theplantlist.org/tpl/record/tro-9906012 >The Plant List v.1.0</a>"	2022-04-16	2025-06-12	https://www.cyperaceae.org/aphia.php?p=taxdetails&id=1703371	"The Cyperaceae TEN"	A	tro-9906012
wfo-0001302074		9906013	"Cyperus paucidentata"	species		Zinserl.	Cyperaceae		Cypereae	Cyperinae	Cyperus		paucidentata		species			Unchecked				"Source in seed data: tro More details could be found in <a href=http://www.theplantlist.org/tpl1.1/record/tro-9906013 >The Plant List v.1.1.</a> Originally in <a href=http://www.theplantlist.org/tpl/record/tro-9906013 >The Plant List v.1.0</a>"	2022-04-16	2025-06-12	https://www.cyperaceae.org/aphia.php?p=taxdetails&id=1682335	"The Cyperaceae TEN"	A	tro-9906013
wfo-0001302075		9906014	"Cyperus pauciflora"	species		Link	Cyperaceae		Cypereae	Cyperinae	Cyperus		pauciflora		species			Unchecked				"Source in seed data: tro More details could be found in <a href=http://www.theplantlist.org/tpl1.1/record/tro-9906014 >The Plant List v.1.1.</a> Originally in <a href=http://www.theplantlist.org/tpl/record/tro-9906014 >The Plant List v.1.0</a>"	2022-04-16	2025-06-12	https://www.cyperaceae.org/aphia.php?p=taxdetails&id=1682294	"The Cyperaceae TEN"	A	tro-9906014
wfo-0001302076		9906015	"Cyperus pellucida"	species		C.Presl	Cyperaceae		Cypereae	Cyperinae	Cyperus		pellucida		species			Unchecked				"Source in seed data: tro More details could be found in <a href=http://www.theplantlist.org/tpl1.1/record/tro-9906015 >The Plant List v.1.1.</a> Originally in <a href=http://www.theplantlist.org/tpl/record/tro-9906015 >The Plant List v.1.0</a>"	2022-04-16	2025-06-12	https://www.cyperaceae.org/aphia.php?p=taxdetails&id=1682336	"The Cyperaceae TEN"	A	tro-9906015
wfo-0001302077		9906017	"Cyperus petasata"	species		Zinserl.	Cyperaceae		Cypereae	Cyperinae	Cyperus		petasata		species			Unchecked				"Source in seed data: tro More details could be found in <a href=http://www.theplantlist.org/tpl1.1/record/tro-9906017 >The Plant List v.1.1.</a> Originally in <a href=http://www.theplantlist.org/tpl/record/tro-9906017 >The Plant List v.1.0</a>"	2022-04-16	2025-06-12	https://www.cyperaceae.org/aphia.php?p=taxdetails&id=1682339	"The Cyperaceae TEN"	A	tro-9906017
wfo-0001302078		9906018	"Cyperus quinqueflora"	species		O.Schwarz	Cyperaceae		Cypereae	Cyperinae	Cyperus		quinqueflora		species			Unchecked				"Source in seed data: tro More details could be found in <a href=http://www.theplantlist.org/tpl1.1/record/tro-9906018 >The Plant List v.1.1.</a> Originally in <a href=http://www.theplantlist.org/tpl/record/tro-9906018 >The Plant List v.1.0</a>"	2022-04-16	2025-06-12	https://www.cyperaceae.org/aphia.php?p=taxdetails&id=1682343	"The Cyperaceae TEN"	A	tro-9906018
wfo-0001302079		9906039	"Elyna myosuroides"	species		Fritsch	Cyperaceae		Cariceae		Elyna		myosuroides		species			Unchecked				"Source in seed data: tro More details could be found in <a href=http://www.theplantlist.org/tpl1.1/record/tro-9906039 >The Plant List v.1.1.</a> Originally in <a href=http://www.theplantlist.org/tpl/record/tro-9906039 >The Plant List v.1.0</a>"	2022-04-16	2025-06-12	https://www.cyperaceae.org/aphia.php?p=taxdetails&id=1682447	"The Cyperaceae TEN"	A	tro-9906039
wfo-0001302080		9906045	"Eriophorum gracile subsp. asiaticum"	subspecies		Tolm.	Cyperaceae		Scirpeae		Eriophorum		gracile	asiaticum	subspecies			Synonym	wfo-0000414996			"Source in seed data: tro More details could be found in <a href=http://www.theplantlist.org/tpl1.1/record/tro-9906045 >The Plant List v.1.1.</a> Originally in <a href=http://www.theplantlist.org/tpl/record/tro-9906045 >The Plant List v.1.0</a>"	2022-04-16	2025-06-12	https://www.cyperaceae.org/aphia.php?p=taxdetails&id=1703579	"The Cyperaceae TEN"	A	tro-9906045
wfo-0001302081	urn:lsid:ipni.org:names:77257781-1	9906046	"Eriophorum gracile subsp. coreanum"	subspecies		"(Palla) Hultén"	Cyperaceae		Scirpeae		Eriophorum		gracile	coreanum	subspecies	Valid	"Kongl. Svenska Vetensk. Acad. Handl. ser. 3, 5: 160 (1927)"	Synonym	wfo-0000414996	wfo-0000414953		"Source in seed data: tro More details could be found in <a href=http://www.theplantlist.org/tpl1.1/record/tro-9906046 >The Plant List v.1.1.</a> Originally in <a href=http://www.theplantlist.org/tpl/record/tro-9906046 >The Plant List v.1.0</a>"	2022-04-16	2025-06-12	https://www.cyperaceae.org/aphia.php?p=taxdetails&id=1703397	"The Cyperaceae TEN"	A	tro-9906046
wfo-0001302082	urn:lsid:ipni.org:names:77274494-1	9906047	"Eriophorum gracile var. coreanum"	variety		"(Palla) Ohwi"	Cyperaceae		Scirpeae		Eriophorum		gracile	coreanum	variety	Valid	"Mem. Coll. Sci. Kyoto Imp. Univ., Ser. B, Biol. 18(1): 88 (1944)"	Synonym	wfo-0000414996	wfo-0000414953		"Source in seed data: tro More details could be found in <a href=http://www.theplantlist.org/tpl1.1/record/tro-9906047 >The Plant List v.1.1.</a> Originally in <a href=http://www.theplantlist.org/tpl/record/tro-9906047 >The Plant List v.1.0</a>"	2022-04-16	2025-12-15	https://www.cyperaceae.org/aphia.php?p=taxdetails&id=1706018	"The Cyperaceae TEN"	A	tro-9906047
wfo-0001302083		9906058	"Scirpus fauriei subsp. vaginatus"	subspecies		T.Koyama	Cyperaceae		Scirpeae		Scirpus		fauriei	vaginatus	subspecies			Synonym	wfo-0000415166			"Source in seed data: tro More details could be found in <a href=http://www.theplantlist.org/tpl1.1/record/tro-9906058 >The Plant List v.1.1.</a> Originally in <a href=http://www.theplantlist.org/tpl/record/tro-9906058 >The Plant List v.1.0</a>"	2022-04-16	2025-06-12	https://www.cyperaceae.org/aphia.php?p=taxdetails&id=1703581	"The Cyperaceae TEN"	A	tro-9906058
wfo-0001302084	urn:lsid:ipni.org:names:77257550-1	9906059	"Eriophorum vaginatum subsp. fauriei"	subspecies		"(E.G.Camus) Á.Löve & D.Löve"	Cyperaceae		Scirpeae		Eriophorum		vaginatum	fauriei	subspecies	Valid	"Univ. Colorado Stud., Ser. Biol. 17: 13 (1965)"	Synonym	wfo-0000415166	wfo-0000414968		"Source in seed data: tro More details could be found in <a href=http://www.theplantlist.org/tpl1.1/record/tro-9906059 >The Plant List v.1.1.</a> Originally in <a href=http://www.theplantlist.org/tpl/record/tro-9906059 >The Plant List v.1.0</a>"	2022-04-16	2025-12-15	https://www.cyperaceae.org/aphia.php?p=taxdetails&id=1703408	"The Cyperaceae TEN"	A	tro-9906059
wfo-0001302085	urn:lsid:ipni.org:names:77257115-1	9906068	"Holoschoenus romanus subsp. holoschoenus"	subspecies		"(L.) Greuter"	Cyperaceae		Cypereae	Ficiniinae	Holoschoenus		romanus	holoschoenus	subspecies	Valid	"Boissiera 13: 166 (1967)"	Synonym	wfo-0000533499	wfo-0000538958		"Source in seed data: tro More details could be found in <a href=http://www.theplantlist.org/tpl1.1/record/tro-9906068 >The Plant List v.1.1.</a> Originally in <a href=http://www.theplantlist.org/tpl/record/tro-9906068 >The Plant List v.1.0</a>"	2022-04-16	2025-06-12	https://www.cyperaceae.org/aphia.php?p=taxdetails&id=1703524	"The Cyperaceae TEN"	A	tro-9906068
wfo-0001302086		9906080	"Kobresia capillifolia subsp. pamirica"	subspecies		Ovcz.	Cyperaceae		Cariceae		Kobresia		capillifolia	pamirica	subspecies			Unchecked				"Source in seed data: tro More details could be found in <a href=http://www.theplantlist.org/tpl1.1/record/tro-9906080 >The Plant List v.1.1.</a> Originally in <a href=http://www.theplantlist.org/tpl/record/tro-9906080 >The Plant List v.1.0</a>"	2022-04-16	2025-06-12	https://www.cyperaceae.org/aphia.php?p=taxdetails&id=1713848	"The Cyperaceae TEN"	A	tro-9906080
wfo-0001302087		9906096	"Mariscus cyri"	species		Grossh.	Cyperaceae		Cypereae	Cyperinae	Mariscus		cyri		species			Unchecked				"Source in seed data: tro More details could be found in <a href=http://www.theplantlist.org/tpl1.1/record/tro-9906096 >The Plant List v.1.1.</a> Originally in <a href=http://www.theplantlist.org/tpl/record/tro-9906096 >The Plant List v.1.0</a>"	2022-04-16	2025-06-12	https://www.cyperaceae.org/aphia.php?p=taxdetails&id=1682378	"The Cyperaceae TEN"	A	tro-9906096
wfo-0001302088		9906102	"Pycreus rehmannii"	species		"Palla ex Grossh."	Cyperaceae		Cypereae	Cyperinae	Pycreus		rehmannii		species			Unchecked				"Source in seed data: tro More details could be found in <a href=http://www.theplantlist.org/tpl1.1/record/tro-9906102 >The Plant List v.1.1.</a> Originally in <a href=http://www.theplantlist.org/tpl/record/tro-9906102 >The Plant List v.1.0</a>"	2022-04-16	2025-06-12	https://www.cyperaceae.org/aphia.php?p=taxdetails&id=1682384	"The Cyperaceae TEN"	A	tro-9906102
wfo-0001302089		9906105	"Pycreus nilagiricus"	species		"(Hochst. ex Steud.) E.G.Camus"	Cyperaceae		Cypereae	Cyperinae	Pycreus		nilagiricus		species	Valid	"Fl. Indo-Chine 7(1): 32 (1912)"	Synonym	wfo-0000373599	wfo-0000378315		"Source in seed data: tro Nomenclatural status in seed:  More details could be found in <a href=http://www.theplantlist.org/tpl1.1/record/tro-9906105 >The Plant List v.1.1.</a> Originally in <a href=http://www.theplantlist.org/tpl/record/tro-9906105 >The "	2022-04-16	2025-06-12	https://www.cyperaceae.org/aphia.php?p=taxdetails&id=1686161	"The Cyperaceae TEN"	A	tro-9906105
wfo-0001302090	urn:lsid:ipni.org:names:312605-1	9906114	"Schoenoplectus kalmussii"	species		Palla	Cyperaceae		Scirpeae		Schoenoplectus		kalmussii		species		"Allg. Bot. Z. Syst. 6: 215 (1900)"	Synonym	wfo-0001302095			"Source in seed data: tro Updated scientificnameAuthorship from (Asch., Abrom. & Graebn.) Palla to Palla, information provided by Alan E. on email Oct. 12 2020 More details could be found in <a href=http://www.theplantlist.org/tpl1.1/record/tro-9906114 >T"	2022-04-16	2025-12-15	https://www.cyperaceae.org/aphia.php?p=taxdetails&id=1683276	"The Cyperaceae TEN"	A	tro-9906114
wfo-0001302091		9906115	"Schoenoplectus komarovii"	species		Ohwi	Cyperaceae		Pseudoschoeneae		Schoenoplectus		komarovii		species			Synonym	wfo-0000916581			"Source in seed data: tro More details could be found in <a href=http://www.theplantlist.org/tpl1.1/record/tro-9906115 >The Plant List v.1.1.</a> Originally in <a href=http://www.theplantlist.org/tpl/record/tro-9906115 >The Plant List v.1.0</a>"	2022-04-16	2025-06-12	https://www.cyperaceae.org/aphia.php?p=taxdetails&id=1683262	"The Cyperaceae TEN"	A	tro-9906115
wfo-0001302092		9906122	"Schoenoplectus nipponicus"	species		Ohwi	Cyperaceae		Schoenoplectieae		Schoenoplectus		nipponicus		species			Synonym	wfo-0000527819			"Source in seed data: tro More details could be found in <a href=http://www.theplantlist.org/tpl1.1/record/tro-9906122 >The Plant List v.1.1.</a> Originally in <a href=http://www.theplantlist.org/tpl/record/tro-9906122 >The Plant List v.1.0</a>"	2022-04-16	2025-06-12	https://www.cyperaceae.org/aphia.php?p=taxdetails&id=1683266	"The Cyperaceae TEN"	A	tro-9906122
wfo-0001302093	urn:lsid:ipni.org:names:312652-1	9906133	"Schoenoplectus triquetriformis"	species		V.I.Krecz.	Cyperaceae		Schoenoplectieae		Schoenoplectus		triquetriformis		species	Valid	"Fl. Tadzhiksk. S.S.R. 2: 423 (1963)"	Synonym	wfo-0001404695			"Name has been used for hybrid taxon. Source in seed data: tro Update namepublishedIn from in Fl. Tadjikist. ii. 42, 423 (1963). to Fl. Tadzhiksk. S.S.R. 2: 423 (1963), information provided by Alan E. on email Jun. 07 2021 More details could be found in <"	2022-04-16	2025-12-15	https://www.cyperaceae.org/aphia.php?p=taxdetails&id=1692229	"The Cyperaceae TEN"	A	tro-9906133
wfo-0001302094		9906146	"Scirpus etuberculatus subsp. nipponicus"	subspecies		T.Koyama	Cyperaceae		Schoenoplectieae		Scirpus		etuberculatus	nipponicus	subspecies			Synonym	wfo-0000527819			"Source in seed data: tro More details could be found in <a href=http://www.theplantlist.org/tpl1.1/record/tro-9906146 >The Plant List v.1.1.</a> Originally in <a href=http://www.theplantlist.org/tpl/record/tro-9906146 >The Plant List v.1.0</a>"	2022-04-16	2025-06-12	https://www.cyperaceae.org/aphia.php?p=taxdetails&id=1703593	"The Cyperaceae TEN"	A	tro-9906146
wfo-0001302095		9906151	"Scirpus kalmussii"	species	wfo-4000034694	"Aschers., Abrom. & Graebn."	Cyperaceae		Scirpeae		Scirpus		kalmussii		species	Valid		Accepted				"Source in seed data: tro More details could be found in <a href=http://www.theplantlist.org/tpl1.1/record/tro-9906151 >The Plant List v.1.1.</a> Originally in <a href=http://www.theplantlist.org/tpl/record/tro-9906151 >The Plant List v.1.0</a>"	2022-04-16	2025-06-12	https://www.cyperaceae.org/aphia.php?p=taxdetails&id=1678315	"The Cyperaceae TEN"	A	tro-9906151
wfo-0001302096	urn:lsid:ipni.org:names:314450-1	9906164	"Scirpus triquetriformis"	species		"(V.I.Krecz.) T.V.Egorova"	Cyperaceae		Schoenoplectieae		Scirpus		triquetriformis		species	Valid	"Opred. Rast. Sred. Azii 5: 15 (1976)"	Synonym	wfo-0001404695	wfo-0001302093		"Name has been used for hybrid taxon. Source in seed data: tro Update namepublishedIn from Opred. Rast. Sred. Azii 5: 15. 1976 to Opred. Rast. Sred. Azii 5: 15 (1976), information provided by Alan E. on email Jun. 07 2021 More details could be found in <a"	2022-04-16	2025-12-15	https://www.cyperaceae.org/aphia.php?p=taxdetails&id=1692228	"The Cyperaceae TEN"	A	tro-9906164
wfo-0001302097	urn:lsid:ipni.org:names:77200690-1	9906169	"Trichophorum uniflorum"	species	wfo-4000039019	"(Trautv.) Karav."	Cyperaceae		Trichophoreae		Trichophorum		uniflorum		species	Valid	"Nauchnye Dokl. Vysshei Shkoly Biol. Nauki. 1959(4): 91 (1959)"	Accepted		wfo-0000547355		"Source in seed data: tro Updated scientificnameAuthorship from Karav. to (Trautv.) Karav., information provided by Alan E. on email Oct. 12 2020 More details could be found in <a href=http://www.theplantlist.org/tpl1.1/record/tro-9906169 >The Plant List "	2022-04-16	2025-06-12	https://www.cyperaceae.org/aphia.php?p=taxdetails&id=1681951	"The Cyperaceae TEN"	A	tro-9906169
wfo-0001302098		9906172	"Cyperus potundus"	species		L.	Cyperaceae		Cypereae	Cyperinae	Cyperus		potundus		species			Unchecked				"Source in seed data: tro More details could be found in <a href=http://www.theplantlist.org/tpl1.1/record/tro-9906172 >The Plant List v.1.1.</a> Originally in <a href=http://www.theplantlist.org/tpl/record/tro-9906172 >The Plant List v.1.0</a>"	2022-04-16	2025-06-12	https://www.cyperaceae.org/aphia.php?p=taxdetails&id=1682341	"The Cyperaceae TEN"	A	tro-9906172
wfo-0001302099	urn:lsid:ipni.org:names:153299-2	9906180	"Mariscus compactus"	species		"(Retz.) Druce"	Cyperaceae		Cypereae	Cyperinae	Mariscus		compactus		species		"Bot. Exch. Club Brit. Isles Rep. 1916: 634. 1917"	Synonym	wfo-0000369738	wfo-0000369738		"Source in seed data: tro Updated namepublishedIn from Rep. Bot. Exch. Club 1916: 634 1917 to Bot. Exch. Club Brit. Isles Rep. 1916: 634. 1917 , information provided by Alan E. on email Oct. 12 2020 More details could be found in <a href=http://www.thepla"	2022-04-16	2025-06-12	https://www.cyperaceae.org/aphia.php?p=taxdetails&id=1683042	"The Cyperaceae TEN"	A	tro-9906180
wfo-0001302100	urn:lsid:ipni.org:names:30002611-2	9906212	"Carex inflata"	species		Huds.	Cyperaceae		Cariceae		Carex		inflata		species	Rejected	"Fl. Angl. : 354 (1762)"	Synonym	wfo-0000350820			"Source in seed data: tro Update namepublishedIn from to Fl. Angl. : 354 (1762), information provided by Alan E. on email Jun. 07 2021 More details could be found in <a href=http://www.theplantlist.org/tpl1.1/record/tro-9906212 >The Plant List v.1.1.</a> "	2022-04-16	2025-12-15	https://www.cyperaceae.org/aphia.php?p=taxdetails&id=1695529	"The Cyperaceae TEN"	A	tro-9906212
wfo-0001302101		9906213	"Carex fusca subsp. dacica"	subspecies		Grinţ.	Cyperaceae		Cariceae		Carex	Vignea	fusca	dacica	subspecies			Unchecked				"Source in seed data: tro More details could be found in <a href=http://www.theplantlist.org/tpl1.1/record/tro-9906213 >The Plant List v.1.1.</a> Originally in <a href=http://www.theplantlist.org/tpl/record/tro-9906213 >The Plant List v.1.0</a>"	2022-04-16	2025-06-12	https://www.cyperaceae.org/aphia.php?p=taxdetails&id=1713936	"The Cyperaceae TEN"	A	tro-9906213
wfo-0001302102		9906239	"Carex vulgaris var. juncella"	variety		"(Fr.) Lange"	Cyperaceae		Cariceae		Carex	Carex	vulgaris	juncella	variety	Valid	"Haandb. Danske Fl. : 537 (1851)"	Synonym	wfo-0000349266	wfo-0000352578		"Source in seed data: tro More details could be found in <a href=http://www.theplantlist.org/tpl1.1/record/tro-9906239 >The Plant List v.1.1.</a> Originally in <a href=http://www.theplantlist.org/tpl/record/tro-9906239 >The Plant List v.1.0</a>"	2022-04-16	2025-06-12	https://www.cyperaceae.org/aphia.php?p=taxdetails&id=1708151	"The Cyperaceae TEN"	A	tro-9906239
wfo-0001302103		9906245	"Eleocharis pellucida var. maximoviczii"	variety		"(G.Zinserl.) Ohwi"	Cyperaceae		Eleocharideae		Eleocharis		pellucida	maximoviczii	variety			Synonym	wfo-0000405003	wfo-0000405003		"Source in seed data: tro More details could be found in <a href=http://www.theplantlist.org/tpl1.1/record/tro-9906245 >The Plant List v.1.1.</a> Originally in <a href=http://www.theplantlist.org/tpl/record/tro-9906245 >The Plant List v.1.0</a>"	2022-04-16	2025-06-12	https://www.cyperaceae.org/aphia.php?p=taxdetails&id=1707460	"The Cyperaceae TEN"	A	tro-9906245
wfo-0001302104		9906251	"Eleocharis quinqueflora var. meridionalis"	variety		Raymond	Cyperaceae		Eleocharideae		Eleocharis		quinqueflora	meridionalis	variety		"Dan. Biol. Skr. 14: 111965"	Synonym	wfo-0000405846			"Source in seed data: tro More details could be found in <a href=http://www.theplantlist.org/tpl1.1/record/tro-9906251 >The Plant List v.1.1.</a> Originally in <a href=http://www.theplantlist.org/tpl/record/tro-9906251 >The Plant List v.1.0</a>"	2022-04-16	2025-06-12	https://www.cyperaceae.org/aphia.php?p=taxdetails&id=1707471	"The Cyperaceae TEN"	A	tro-9906251
wfo-0001302105	urn:lsid:ipni.org:names:311126-1	9906263	"Mariscus umbilensis"	species		"C.B.Clarke ex W.Watson"	Cyperaceae		Cypereae	Cyperinae	Mariscus		umbilensis		species	Valid	"Gard. Chron., ser. 3, 10: 190 (1891)"	Synonym	wfo-0000378870			"Source in seed data: tro Updated namepublishedIn from to Gard. Chron. ser. 3, 10: 190. 1891 , information provided by Alan E. on email Oct. 12 2020 More details could be found in <a href=http://www.theplantlist.org/tpl1.1/record/tro-9906263 >The Plant Li"	2022-04-16	2025-12-15	https://www.cyperaceae.org/aphia.php?p=taxdetails&id=1687143	"The Cyperaceae TEN"	A	tro-9906263
wfo-0001302106		9906276	"Scirpus maritimus var. nobilis"	variety		"(Ridl.) C.B.Clarke"	Cyperaceae		Bolboschoeneae		Scirpus		maritimus	nobilis	variety		"Consp. Fl. Afr. 5: 627 1894"	Synonym	wfo-0000341712	wfo-0000542515		"Source in seed data: tro More details could be found in <a href=http://www.theplantlist.org/tpl1.1/record/tro-9906276 >The Plant List v.1.1.</a> Originally in <a href=http://www.theplantlist.org/tpl/record/tro-9906276 >The Plant List v.1.0</a>"	2022-04-16	2025-06-12	https://www.cyperaceae.org/aphia.php?p=taxdetails&id=1707554	"The Cyperaceae TEN"	A	tro-9906276
wfo-0001302107	urn:lsid:ipni.org:names:313834-1	9906277	"Scirpus loeteflorens"	species		C.B.Clarke	Cyperaceae		Bolboschoeneae		Scirpus		loeteflorens		species		"Consp. Fl. Afr. [T.A. Durand & H. Schinz] 5: 625, nomen. 1894 [Dec 1894]"	Synonym	wfo-0000341712			"Source in seed data: tro Updated scientificName from Scirpus laeteflorens to Scirpus loeteflorens, according to IPNI. Information provided by Alan E. on email Jul. 15 2020. More details could be found in <a href=http://www.theplantlist.org/tpl1.1/record/"	2022-04-16	2025-06-12	https://www.cyperaceae.org/aphia.php?p=taxdetails&id=1682988	"The Cyperaceae TEN"	A	tro-9906277
wfo-0001302108		9906292	"Isolepis leucocarpa"	species		Kunth	Cyperaceae		Cypereae	Ficiniinae	Isolepis		leucocarpa		species		1815	Unchecked				"Source in seed data: tro More details could be found in <a href=http://www.theplantlist.org/tpl1.1/record/tro-9906292 >The Plant List v.1.1.</a> Originally in <a href=http://www.theplantlist.org/tpl/record/tro-9906292 >The Plant List v.1.0</a>"	2022-04-16	2025-06-12	https://www.cyperaceae.org/aphia.php?p=taxdetails&id=1682365	"The Cyperaceae TEN"	A	tro-9906292
wfo-0001302110		9906301	"Anosporum monocephalum"	species		"(Roxb.) Boeck."	Cyperaceae		Cypereae	Cyperinae	Anosporum		monocephalum		species			Synonym	wfo-0000369470	wfo-0000378000		"Source in seed data: tro More details could be found in <a href=http://www.theplantlist.org/tpl1.1/record/tro-9906301 >The Plant List v.1.1.</a> Originally in <a href=http://www.theplantlist.org/tpl/record/tro-9906301 >The Plant List v.1.0</a>"	2022-04-16	2025-06-12	https://www.cyperaceae.org/aphia.php?p=taxdetails&id=1683040	"The Cyperaceae TEN"	A	tro-9906301
wfo-0001302112		9906378	"Cyperus eragrostis var. eragrostis"	variety			Cyperaceae		Cypereae	Cyperinae	Cyperus		eragrostis	eragrostis	variety			Synonym	wfo-0000372740			"Source in seed data: tro More details could be found in <a href=http://www.theplantlist.org/tpl1.1/record/tro-9906378 >The Plant List v.1.1.</a> Originally in <a href=http://www.theplantlist.org/tpl/record/tro-9906378 >The Plant List v.1.0</a>"	2022-04-16	2025-06-17	https://www.cyperaceae.org/aphia.php?p=taxdetails&id=1707413	"The Cyperaceae TEN"	A	tro-9906378
wfo-0001302113		9906383	"Carex ragnoldsii"	species		Deer	Cyperaceae		Cariceae		Carex	Vignea	ragnoldsii		species			Unchecked				"Source in seed data: tro More details could be found in <a href=http://www.theplantlist.org/tpl1.1/record/tro-9906383 >The Plant List v.1.1.</a> Originally in <a href=http://www.theplantlist.org/tpl/record/tro-9906383 >The Plant List v.1.0</a>"	2022-04-16	2022-04-20		"The Cyperaceae TEN"	A	tro-9906383
wfo-0001302114		9906396	"Pycreus rufescens"	species		Rchb.	Cyperaceae		Cypereae	Cyperinae	Pycreus		rufescens		species			Unchecked				"Source in seed data: tro More details could be found in <a href=http://www.theplantlist.org/tpl1.1/record/tro-9906396 >The Plant List v.1.1.</a> Originally in <a href=http://www.theplantlist.org/tpl/record/tro-9906396 >The Plant List v.1.0</a>"	2022-04-16	2025-06-12	https://www.cyperaceae.org/aphia.php?p=taxdetails&id=1682306	"The Cyperaceae TEN"	A	tro-9906396
